risk_regime,moisture_profile,moisture_offset,forecast_24h_total_mm,soil_saturation_1h_ago,fc_vwc,sat_vwc,idf_24h_mm,max_sat,risk_internal,risk_display,base_soil_risk,storm_factor,site_sensitivity_factor
LOW,wet,-0.04,40.0,0.35,0.36,0.48,60.91,0.3288933791301204,11.278170673885533,11.278170673885533,11.278170673885533,0.5095808804559422,0.0
MODERATE,wet,-0.02,40.0,0.0,0.36,0.48,60.91,0.49556004579678625,39.040031989132224,39.040031989132224,25.861504007218794,0.5095808804559422,1.0
HIGH,wet,0.02,40.0,0.8,0.36,0.48,60.91,0.82889337913012,63.130250853940225,63.130250853940225,55.02817067388549,0.5095808804559422,0.2889337913011991
SEVERE,wet,0.0,75.0,0.0,0.36,0.48,60.91,0.6622267124634531,90.24557286085113,90.24557286085113,40.44483734055215,1.231324905598424,1.0
